year,team_id,wins,losses,ties,pf,pa,pd,wc,d,c,sl,sw
1978,BUF,5,11,0,302,354,-52,0,0,0,0,0
1978,CHI,7,9,0,253,274,-21,0,0,0,0,0
1978,MIN,8,7,1,294,306,-12,1,1,0,0,0
1978,PIT,14,2,0,356,195,161,1,1,1,1,1
1978,LAC,9,7,0,355,309,46,0,0,0,0,0
1978,ATL,9,7,0,240,290,-50,1,1,0,0,0
1978,LAR,12,4,0,316,245,71,1,1,1,0,0
1978,TEN,10,6,0,283,298,-15,1,1,1,0,0
1978,NYJ,8,8,0,359,364,-5,0,0,0,0,0
1978,PHI,9,7,0,270,250,20,1,0,0,0,0
1978,GNB,8,7,1,249,269,-20,0,0,0,0,0
1978,DAL,12,4,0,384,208,176,1,1,1,1,0
1978,NYG,6,10,0,264,298,-34,0,0,0,0,0
1978,SEA,9,7,0,345,358,-13,0,0,0,0,0
1978,CLE,8,8,0,334,356,-22,0,0,0,0,0
1978,OAK,9,7,0,311,283,28,0,0,0,0,0
1978,NWE,11,5,0,358,286,72,1,1,0,0,0
1978,KAN,4,12,0,243,327,-84,0,0,0,0,0
1978,ARI,6,10,0,248,296,-48,0,0,0,0,0
1978,DEN,10,6,0,282,198,84,1,1,0,0,0
1978,WAS,8,8,0,273,283,-10,0,0,0,0,0
1978,DET,7,9,0,290,300,-10,0,0,0,0,0
1978,SFO,2,14,0,219,350,-131,0,0,0,0,0
1978,MIA,11,5,0,372,254,118,1,0,0,0,0
1978,CIN,4,12,0,252,284,-32,0,0,0,0,0
1978,NOR,7,9,0,281,298,-17,0,0,0,0,0
1978,IND,5,11,0,239,421,-182,0,0,0,0,0
1978,TAM,5,11,0,241,259,-18,0,0,0,0,0
1979,BUF,7,9,0,268,279,-11,0,0,0,0,0
1979,CHI,10,6,0,306,249,57,1,0,0,0,0
1979,MIN,7,9,0,259,337,-78,0,0,0,0,0
1979,PIT,12,4,0,416,262,154,1,1,1,1,1
1979,LAC,12,4,0,411,246,165,1,1,0,0,0
1979,ATL,6,10,0,300,388,-88,0,0,0,0,0
1979,LAR,9,7,0,323,309,14,1,1,1,1,0
1979,TEN,11,5,0,362,331,31,1,1,1,0,0
1979,NYJ,8,8,0,337,383,-46,0,0,0,0,0
1979,PHI,11,5,0,339,282,57,1,1,0,0,0
1979,GNB,5,11,0,246,316,-70,0,0,0,0,0
1979,DAL,11,5,0,371,313,58,1,1,0,0,0
1979,NYG,6,10,0,237,323,-86,0,0,0,0,0
1979,SEA,9,7,0,378,372,6,0,0,0,0,0
1979,CLE,9,7,0,359,352,7,0,0,0,0,0
1979,OAK,9,7,0,365,337,28,0,0,0,0,0
1979,NWE,9,7,0,411,326,85,0,0,0,0,0
1979,KAN,7,9,0,238,262,-24,0,0,0,0,0
1979,ARI,5,11,0,307,358,-51,0,0,0,0,0
1979,DEN,10,6,0,289,262,27,1,0,0,0,0
1979,WAS,10,6,0,348,295,53,0,0,0,0,0
1979,DET,2,14,0,219,365,-146,0,0,0,0,0
1979,SFO,2,14,0,308,416,-108,0,0,0,0,0
1979,MIA,10,6,0,341,257,84,1,1,0,0,0
1979,CIN,4,12,0,337,421,-84,0,0,0,0,0
1979,NOR,8,8,0,370,360,10,0,0,0,0,0
1979,IND,5,11,0,271,351,-80,0,0,0,0,0
1979,TAM,10,6,0,273,237,36,1,1,1,0,0
1980,BUF,11,5,0,320,260,60,1,1,0,0,0
1980,NOR,1,15,0,291,487,-196,0,0,0,0,0
1980,CHI,7,9,0,304,264,40,0,0,0,0,0
1980,MIN,9,7,0,317,308,9,1,1,0,0,0
1980,PIT,9,7,0,352,313,39,0,0,0,0,0
1980,LAC,11,5,0,418,327,91,1,1,1,0,0
1980,ATL,12,4,0,405,272,133,1,1,0,0,0
1980,LAR,11,5,0,424,289,135,1,0,0,0,0
1980,TEN,11,5,0,295,251,44,1,0,0,0,0
1980,NYJ,4,12,0,302,395,-93,0,0,0,0,0
1980,PHI,12,4,0,384,222,162,1,1,1,1,0
1980,GNB,5,10,1,231,371,-140,0,0,0,0,0
1980,DAL,12,4,0,454,311,143,1,1,1,0,0
1980,ARI,5,11,0,299,350,-51,0,0,0,0,0
1980,SEA,4,12,0,291,408,-117,0,0,0,0,0
1980,CLE,11,5,0,357,310,47,1,1,0,0,0
1980,OAK,11,5,0,364,306,58,1,1,1,1,1
1980,NWE,10,6,0,441,325,116,0,0,0,0,0
1980,KAN,8,8,0,319,336,-17,0,0,0,0,0
1980,DET,9,7,0,334,272,62,0,0,0,0,0
1980,DEN,8,8,0,310,323,-13,0,0,0,0,0
1980,WAS,6,10,0,261,293,-32,0,0,0,0,0
1980,SFO,6,10,0,320,415,-95,0,0,0,0,0
1980,MIA,8,8,0,266,305,-39,0,0,0,0,0
1980,CIN,6,10,0,244,312,-68,0,0,0,0,0
1980,NYG,4,12,0,249,425,-176,0,0,0,0,0
1980,IND,7,9,0,355,387,-32,0,0,0,0,0
1980,TAM,5,10,1,271,341,-70,0,0,0,0,0
1981,BUF,10,6,0,311,276,35,1,1,0,0,0
1981,NOR,4,12,0,207,378,-171,0,0,0,0,0
1981,CHI,6,10,0,253,324,-71,0,0,0,0,0
1981,MIN,7,9,0,325,369,-44,0,0,0,0,0
1981,PIT,8,8,0,356,297,59,0,0,0,0,0
1981,LAC,10,6,0,478,390,88,1,1,1,0,0
1981,ATL,7,9,0,426,355,71,0,0,0,0,0
1981,LAR,6,10,0,303,351,-48,0,0,0,0,0
1981,TEN,7,9,0,281,355,-74,0,0,0,0,0
1981,NYJ,10,5,1,355,287,68,1,0,0,0,0
1981,PHI,10,6,0,368,221,147,1,0,0,0,0
1981,GNB,8,8,0,324,361,-37,0,0,0,0,0
1981,DAL,12,4,0,367,277,90,1,1,1,0,0
1981,ARI,7,9,0,315,408,-93,0,0,0,0,0
1981,SEA,6,10,0,322,388,-66,0,0,0,0,0
1981,CLE,5,11,0,276,375,-99,0,0,0,0,0
1981,OAK,7,9,0,273,343,-70,0,0,0,0,0
1981,NWE,2,14,0,322,370,-48,0,0,0,0,0
1981,KAN,9,7,0,343,290,53,0,0,0,0,0
1981,DET,8,8,0,397,322,75,0,0,0,0,0
1981,DEN,10,6,0,321,289,32,0,0,0,0,0
1981,WAS,8,8,0,347,349,-2,0,0,0,0,0
1981,SFO,13,3,0,357,250,107,1,1,1,1,1
1981,MIA,11,4,1,345,275,70,1,1,0,0,0
1981,CIN,12,4,0,421,304,117,1,1,1,1,0
1981,NYG,9,7,0,295,257,38,1,1,0,0,0
1981,IND,2,14,0,259,533,-274,0,0,0,0,0
1981,TAM,9,7,0,315,268,47,1,1,0,0,0
1982,BUF,4,5,0,150,154,-4,0,0,0,0,0
1982,CHI,3,6,0,141,174,-33,0,0,0,0,0
1982,MIN,5,4,0,187,198,-11,1,1,0,0,0
1982,PIT,6,3,0,204,146,58,1,0,0,0,0
1982,LAC,6,3,0,288,221,67,1,1,0,0,0
1982,ATL,5,4,0,183,199,-16,1,0,0,0,0
1982,LAR,2,7,0,200,250,-50,0,0,0,0,0
1982,OAK,8,1,0,260,200,60,1,1,0,0,0
1982,TEN,1,8,0,136,245,-109,0,0,0,0,0
1982,NYJ,6,3,0,245,166,79,1,1,1,0,0
1982,PHI,3,6,0,191,195,-4,0,0,0,0,0
1982,GNB,5,3,1,226,169,57,1,1,0,0,0
1982,DAL,6,3,0,226,145,81,1,1,1,0,0
1982,ARI,5,4,0,135,170,-35,1,0,0,0,0
1982,SEA,4,5,0,127,147,-20,0,0,0,0,0
1982,CLE,4,5,0,140,182,-42,1,0,0,0,0
1982,NWE,5,4,0,143,157,-14,1,0,0,0,0
1982,KAN,3,6,0,176,184,-8,0,0,0,0,0
1982,NYG,4,5,0,164,160,4,0,0,0,0,0
1982,DEN,2,7,0,148,226,-78,0,0,0,0,0
1982,WAS,8,1,0,190,128,62,1,1,1,1,1
1982,DET,4,5,0,181,176,5,1,0,0,0,0
1982,SFO,3,6,0,209,206,3,0,0,0,0,0
1982,MIA,7,2,0,198,131,67,1,1,1,1,0
1982,CIN,7,2,0,232,177,55,1,0,0,0,0
1982,NOR,4,5,0,129,160,-31,0,0,0,0,0
1982,IND,0,8,1,113,236,-123,0,0,0,0,0
1982,TAM,5,4,0,158,178,-20,1,0,0,0,0
1983,BUF,8,8,0,283,351,-68,0,0,0,0,0
1983,CHI,8,8,0,311,301,10,0,0,0,0,0
1983,MIN,8,8,0,316,348,-32,0,0,0,0,0
1983,PIT,10,6,0,355,303,52,1,1,0,0,0
1983,LAC,6,10,0,358,462,-104,0,0,0,0,0
1983,ATL,7,9,0,370,389,-19,0,0,0,0,0
1983,LAR,9,7,0,361,344,17,1,1,0,0,0
1983,OAK,12,4,0,442,338,104,1,1,1,1,1
1983,TEN,2,14,0,288,460,-172,0,0,0,0,0
1983,NYJ,7,9,0,313,331,-18,0,0,0,0,0
1983,PHI,5,11,0,233,322,-89,0,0,0,0,0
1983,GNB,8,8,0,429,439,-10,0,0,0,0,0
1983,DAL,12,4,0,479,360,119,1,0,0,0,0
1983,ARI,8,7,1,374,428,-54,0,0,0,0,0
1983,SEA,9,7,0,403,397,6,1,1,1,0,0
1983,CLE,9,7,0,356,342,14,0,0,0,0,0
1983,NOR,8,8,0,319,337,-18,0,0,0,0,0
1983,NWE,8,8,0,274,289,-15,0,0,0,0,0
1983,KAN,6,10,0,386,367,19,0,0,0,0,0
1983,DET,9,7,0,347,286,61,1,1,0,0,0
1983,DEN,9,7,0,302,327,-25,1,0,0,0,0
1983,WAS,14,2,0,541,332,209,1,1,1,1,0
1983,SFO,10,6,0,432,293,139,1,1,1,0,0
1983,MIA,12,4,0,389,250,139,1,1,0,0,0
1983,CIN,7,9,0,346,302,44,0,0,0,0,0
1983,NYG,3,12,1,267,347,-80,0,0,0,0,0
1983,IND,7,9,0,264,354,-90,0,0,0,0,0
1983,TAM,2,14,0,241,380,-139,0,0,0,0,0
1984,BUF,2,14,0,250,454,-204,0,0,0,0,0
1984,CHI,10,6,0,325,248,77,1,1,1,0,0
1984,MIN,3,13,0,276,484,-208,0,0,0,0,0
1984,PIT,9,7,0,387,310,77,1,1,1,0,0
1984,LAC,7,9,0,394,413,-19,0,0,0,0,0
1984,ATL,4,12,0,281,382,-101,0,0,0,0,0
1984,IND,4,12,0,239,414,-175,0,0,0,0,0
1984,OAK,11,5,0,368,278,90,1,0,0,0,0
1984,TEN,3,13,0,240,437,-197,0,0,0,0,0
1984,NYJ,7,9,0,332,364,-32,0,0,0,0,0
1984,PHI,6,9,1,278,320,-42,0,0,0,0,0
1984,LAR,10,6,0,346,316,30,1,0,0,0,0
1984,GNB,8,8,0,390,309,81,0,0,0,0,0
1984,DAL,9,7,0,308,308,0,0,0,0,0,0
1984,ARI,9,7,0,423,345,78,0,0,0,0,0
1984,SEA,12,4,0,418,282,136,1,1,0,0,0
1984,CLE,5,11,0,250,297,-47,0,0,0,0,0
1984,NWE,9,7,0,362,352,10,0,0,0,0,0
1984,KAN,8,8,0,314,324,-10,0,0,0,0,0
1984,NYG,9,7,0,299,301,-2,1,1,0,0,0
1984,DEN,13,3,0,353,241,112,1,1,0,0,0
1984,WAS,11,5,0,426,310,116,1,1,0,0,0
1984,DET,4,11,1,283,408,-125,0,0,0,0,0
1984,SFO,15,1,0,475,227,248,1,1,1,1,1
1984,MIA,14,2,0,513,298,215,1,1,1,1,0
1984,CIN,8,8,0,339,339,0,0,0,0,0,0
1984,NOR,7,9,0,298,361,-63,0,0,0,0,0
1984,TAM,6,10,0,335,380,-45,0,0,0,0,0
1985,BUF,2,14,0,200,381,-181,0,0,0,0,0
1985,CHI,15,1,0,456,198,258,1,1,1,1,1
1985,MIN,7,9,0,346,359,-13,0,0,0,0,0
1985,PIT,7,9,0,379,355,24,0,0,0,0,0
1985,LAC,8,8,0,467,435,32,0,0,0,0,0
1985,ATL,4,12,0,282,452,-170,0,0,0,0,0
1985,IND,5,11,0,320,386,-66,0,0,0,0,0
1985,OAK,12,4,0,354,308,46,1,1,0,0,0
1985,TEN,5,11,0,284,412,-128,0,0,0,0,0
1985,NYJ,11,5,0,393,264,129,1,0,0,0,0
1985,PHI,7,9,0,286,310,-24,0,0,0,0,0
1985,LAR,11,5,0,340,277,63,1,1,1,0,0
1985,GNB,8,8,0,337,355,-18,0,0,0,0,0
1985,DAL,10,6,0,357,333,24,1,1,0,0,0
1985,ARI,5,11,0,278,414,-136,0,0,0,0,0
1985,SEA,8,8,0,349,303,46,0,0,0,0,0
1985,CLE,8,8,0,287,294,-7,1,1,0,0,0
1985,NWE,11,5,0,362,290,72,1,1,1,1,0
1985,KAN,6,10,0,317,360,-43,0,0,0,0,0
1985,NYG,10,6,0,399,283,116,1,1,0,0,0
1985,DEN,11,5,0,380,329,51,0,0,0,0,0
1985,WAS,10,6,0,297,312,-15,0,0,0,0,0
1985,DET,7,9,0,307,366,-59,0,0,0,0,0
1985,SFO,10,6,0,411,263,148,1,0,0,0,0
1985,MIA,12,4,0,428,320,108,1,1,1,0,0
1985,CIN,7,9,0,441,437,4,0,0,0,0,0
1985,NOR,5,11,0,294,401,-107,0,0,0,0,0
1985,TAM,2,14,0,294,448,-154,0,0,0,0,0
1986,BUF,4,12,0,287,348,-61,0,0,0,0,0
1986,CHI,14,2,0,352,187,165,1,1,0,0,0
1986,MIN,9,7,0,398,273,125,0,0,0,0,0
1986,PIT,6,10,0,307,336,-29,0,0,0,0,0
1986,LAC,4,12,0,335,396,-61,0,0,0,0,0
1986,ATL,7,8,1,280,280,0,0,0,0,0,0
1986,IND,3,13,0,229,400,-171,0,0,0,0,0
1986,OAK,8,8,0,323,346,-23,0,0,0,0,0
1986,TEN,5,11,0,274,329,-55,0,0,0,0,0
1986,NYJ,10,6,0,364,386,-22,1,1,0,0,0
1986,PHI,5,10,1,256,312,-56,0,0,0,0,0
1986,LAR,10,6,0,309,267,42,1,0,0,0,0
1986,GNB,4,12,0,254,418,-164,0,0,0,0,0
1986,DAL,7,9,0,346,337,9,0,0,0,0,0
1986,ARI,4,11,1,218,351,-133,0,0,0,0,0
1986,SEA,10,6,0,366,293,73,0,0,0,0,0
1986,CLE,12,4,0,391,310,81,1,1,1,0,0
1986,NWE,11,5,0,412,307,105,1,1,0,0,0
1986,KAN,10,6,0,358,326,32,1,0,0,0,0
1986,NYG,14,2,0,371,236,135,1,1,1,1,1
1986,DEN,11,5,0,378,327,51,1,1,1,1,0
1986,WAS,12,4,0,368,296,72,1,1,1,0,0
1986,DET,5,11,0,277,326,-49,0,0,0,0,0
1986,SFO,10,5,1,374,247,127,1,1,0,0,0
1986,MIA,8,8,0,430,405,25,0,0,0,0,0
1986,CIN,10,6,0,409,394,15,0,0,0,0,0
1986,NOR,7,9,0,288,287,1,0,0,0,0,0
1986,TAM,2,14,0,239,473,-234,0,0,0,0,0
1987,BUF,7,8,0,270,305,-35,0,0,0,0,0
1987,CHI,11,4,0,356,282,74,1,1,0,0,0
1987,MIN,8,7,0,336,335,1,1,1,1,0,0
1987,PIT,8,7,0,285,299,-14,0,0,0,0,0
1987,LAC,8,7,0,253,317,-64,0,0,0,0,0
1987,ATL,3,12,0,205,436,-231,0,0,0,0,0
1987,IND,9,6,0,300,238,62,1,1,0,0,0
1987,OAK,5,10,0,301,289,12,0,0,0,0,0
1987,TEN,9,6,0,345,349,-4,1,1,0,0,0
1987,NYJ,6,9,0,334,360,-26,0,0,0,0,0
1987,PHI,7,8,0,337,380,-43,0,0,0,0,0
1987,LAR,6,9,0,317,361,-44,0,0,0,0,0
1987,GNB,5,9,1,255,300,-45,0,0,0,0,0
1987,DAL,7,8,0,340,348,-8,0,0,0,0,0
1987,NYG,6,9,0,280,312,-32,0,0,0,0,0
1987,SEA,9,6,0,371,314,57,1,0,0,0,0
1987,CLE,10,5,0,390,239,151,1,1,1,0,0
1987,NWE,8,7,0,320,293,27,0,0,0,0,0
1987,KAN,4,11,0,273,388,-115,0,0,0,0,0
1987,ARI,7,8,0,362,368,-6,0,0,0,0,0
1987,DEN,10,4,1,379,288,91,1,1,1,1,0
1987,WAS,11,4,0,379,285,94,1,1,1,1,1
1987,DET,4,11,0,269,384,-115,0,0,0,0,0
1987,SFO,13,2,0,459,253,206,1,1,0,0,0
1987,MIA,8,7,0,362,335,27,0,0,0,0,0
1987,CIN,4,11,0,285,370,-85,0,0,0,0,0
1987,NOR,12,3,0,422,283,139,1,0,0,0,0
1987,TAM,4,11,0,286,360,-74,0,0,0,0,0
1988,BUF,12,4,0,329,237,92,1,1,1,0,0
1988,CHI,12,4,0,312,215,97,1,1,1,0,0
1988,MIN,11,5,0,406,233,173,1,1,0,0,0
1988,PIT,5,11,0,336,421,-85,0,0,0,0,0
1988,LAC,6,10,0,231,332,-101,0,0,0,0,0
1988,ATL,5,11,0,244,315,-71,0,0,0,0,0
1988,IND,9,7,0,354,315,39,0,0,0,0,0
1988,ARI,7,9,0,344,398,-54,0,0,0,0,0
1988,OAK,7,9,0,325,369,-44,0,0,0,0,0
1988,TEN,10,6,0,424,365,59,1,1,0,0,0
1988,NYJ,8,7,1,372,354,18,0,0,0,0,0
1988,PHI,10,6,0,379,319,60,1,1,0,0,0
1988,LAR,10,6,0,407,293,114,1,0,0,0,0
1988,GNB,4,12,0,240,315,-75,0,0,0,0,0
1988,DAL,3,13,0,265,381,-116,0,0,0,0,0
1988,DET,4,12,0,220,313,-93,0,0,0,0,0
1988,SEA,9,7,0,339,329,10,1,1,0,0,0
1988,CLE,10,6,0,304,288,16,1,0,0,0,0
1988,NWE,9,7,0,250,284,-34,0,0,0,0,0
1988,KAN,4,11,1,254,320,-66,0,0,0,0,0
1988,NYG,10,6,0,359,304,55,0,0,0,0,0
1988,DEN,8,8,0,327,352,-25,0,0,0,0,0
1988,WAS,7,9,0,345,387,-42,0,0,0,0,0
1988,SFO,10,6,0,369,294,75,1,1,1,1,1
1988,MIA,6,10,0,319,380,-61,0,0,0,0,0
1988,CIN,12,4,0,448,329,119,1,1,1,1,0
1988,NOR,10,6,0,312,283,29,0,0,0,0,0
1988,TAM,5,11,0,261,350,-89,0,0,0,0,0
1989,BUF,9,7,0,409,317,92,1,1,0,0,0
1989,CHI,6,10,0,358,377,-19,0,0,0,0,0
1989,MIN,10,6,0,351,275,76,1,1,0,0,0
1989,PIT,9,7,0,265,326,-61,1,1,0,0,0
1989,LAC,6,10,0,266,290,-24,0,0,0,0,0
1989,ATL,3,13,0,279,437,-158,0,0,0,0,0
1989,IND,8,8,0,298,301,-3,0,0,0,0,0
1989,ARI,5,11,0,258,377,-119,0,0,0,0,0
1989,OAK,8,8,0,315,297,18,0,0,0,0,0
1989,TEN,9,7,0,365,412,-47,1,0,0,0,0
1989,NYJ,4,12,0,253,411,-158,0,0,0,0,0
1989,PHI,11,5,0,342,274,68,1,0,0,0,0
1989,LAR,11,5,0,426,344,82,1,1,1,0,0
1989,GNB,10,6,0,362,356,6,0,0,0,0,0
1989,DAL,1,15,0,204,393,-189,0,0,0,0,0
1989,DET,7,9,0,312,364,-52,0,0,0,0,0
1989,SEA,7,9,0,241,327,-86,0,0,0,0,0
1989,CLE,9,6,1,334,254,80,1,1,1,0,0
1989,NWE,5,11,0,297,391,-94,0,0,0,0,0
1989,KAN,8,7,1,318,286,32,0,0,0,0,0
1989,NYG,12,4,0,348,252,96,1,1,0,0,0
1989,DEN,11,5,0,362,226,136,1,1,1,1,0
1989,WAS,10,6,0,386,308,78,0,0,0,0,0
1989,SFO,14,2,0,442,253,189,1,1,1,1,1
1989,MIA,8,8,0,331,379,-48,0,0,0,0,0
1989,CIN,8,8,0,404,285,119,0,0,0,0,0
1989,NOR,9,7,0,386,301,85,0,0,0,0,0
1989,TAM,5,11,0,320,419,-99,0,0,0,0,0
1990,BUF,13,3,0,428,263,165,1,1,1,1,0
1990,CHI,11,5,0,348,280,68,1,1,0,0,0
1990,MIN,6,10,0,351,326,25,0,0,0,0,0
1990,PIT,9,7,0,292,240,52,0,0,0,0,0
1990,LAC,6,10,0,315,281,34,0,0,0,0,0
1990,ATL,5,11,0,348,365,-17,0,0,0,0,0
1990,IND,7,9,0,281,353,-72,0,0,0,0,0
1990,ARI,5,11,0,268,396,-128,0,0,0,0,0
1990,OAK,12,4,0,337,268,69,1,1,1,0,0
1990,TEN,9,7,0,405,307,98,1,0,0,0,0
1990,NYJ,6,10,0,295,345,-50,0,0,0,0,0
1990,PHI,10,6,0,396,299,97,1,0,0,0,0
1990,LAR,5,11,0,345,412,-67,0,0,0,0,0
1990,GNB,6,10,0,271,347,-76,0,0,0,0,0
1990,DAL,7,9,0,244,308,-64,0,0,0,0,0
1990,DET,6,10,0,373,413,-40,0,0,0,0,0
1990,SEA,9,7,0,306,286,20,0,0,0,0,0
1990,CLE,3,13,0,228,462,-234,0,0,0,0,0
1990,NWE,1,15,0,181,446,-265,0,0,0,0,0
1990,KAN,11,5,0,369,257,112,1,0,0,0,0
1990,NYG,13,3,0,335,211,124,1,1,1,1,1
1990,DEN,5,11,0,331,374,-43,0,0,0,0,0
1990,WAS,10,6,0,381,301,80,1,1,0,0,0
1990,SFO,14,2,0,353,239,114,1,1,1,0,0
1990,MIA,12,4,0,336,242,94,1,1,0,0,0
1990,CIN,9,7,0,360,352,8,1,1,0,0,0
1990,NOR,8,8,0,274,275,-1,1,0,0,0,0
1990,TAM,6,10,0,264,367,-103,0,0,0,0,0
1991,BUF,13,3,0,458,318,140,1,1,1,1,0
1991,CHI,11,5,0,299,269,30,1,0,0,0,0
1991,MIN,8,8,0,301,306,-5,0,0,0,0,0
1991,PIT,7,9,0,292,344,-52,0,0,0,0,0
1991,LAC,4,12,0,274,342,-68,0,0,0,0,0
1991,ATL,10,6,0,361,338,23,1,1,0,0,0
1991,IND,1,15,0,143,381,-238,0,0,0,0,0
1991,ARI,4,12,0,196,344,-148,0,0,0,0,0
1991,OAK,9,7,0,298,297,1,1,0,0,0,0
1991,TEN,11,5,0,386,251,135,1,1,0,0,0
1991,NYJ,8,8,0,314,293,21,1,0,0,0,0
1991,PHI,10,6,0,285,244,41,0,0,0,0,0
1991,LAR,3,13,0,234,390,-156,0,0,0,0,0
1991,GNB,4,12,0,273,313,-40,0,0,0,0,0
1991,DAL,11,5,0,342,310,32,1,1,0,0,0
1991,NYG,8,8,0,281,297,-16,0,0,0,0,0
1991,SEA,7,9,0,276,261,15,0,0,0,0,0
1991,CLE,6,10,0,293,298,-5,0,0,0,0,0
1991,NWE,6,10,0,211,305,-94,0,0,0,0,0
1991,KAN,10,6,0,322,252,70,1,1,0,0,0
1991,DET,12,4,0,339,295,44,1,1,1,0,0
1991,DEN,12,4,0,304,235,69,1,1,1,0,0
1991,WAS,14,2,0,485,224,261,1,1,1,1,1
1991,SFO,10,6,0,393,239,154,0,0,0,0,0
1991,MIA,8,8,0,343,349,-6,0,0,0,0,0
1991,CIN,3,13,0,263,435,-172,0,0,0,0,0
1991,NOR,11,5,0,341,211,130,1,0,0,0,0
1991,TAM,3,13,0,199,365,-166,0,0,0,0,0
1992,BUF,11,5,0,381,283,98,1,1,1,1,0
1992,CHI,5,11,0,295,361,-66,0,0,0,0,0
1992,MIN,11,5,0,374,249,125,1,0,0,0,0
1992,PIT,11,5,0,299,225,74,1,1,0,0,0
1992,LAC,11,5,0,335,241,94,1,1,0,0,0
1992,ATL,6,10,0,327,414,-87,0,0,0,0,0
1992,IND,9,7,0,216,302,-86,0,0,0,0,0
1992,ARI,4,12,0,243,332,-89,0,0,0,0,0
1992,OAK,7,9,0,249,281,-32,0,0,0,0,0
1992,TEN,10,6,0,352,258,94,1,0,0,0,0
1992,NYJ,4,12,0,220,315,-95,0,0,0,0,0
1992,PHI,11,5,0,354,245,109,1,1,0,0,0
1992,LAR,6,10,0,313,383,-70,0,0,0,0,0
1992,GNB,9,7,0,276,296,-20,0,0,0,0,0
1992,DAL,13,3,0,409,243,166,1,1,1,1,1
1992,DET,5,11,0,273,332,-59,0,0,0,0,0
1992,SEA,2,14,0,140,312,-172,0,0,0,0,0
1992,CLE,7,9,0,272,275,-3,0,0,0,0,0
1992,NWE,2,14,0,205,363,-158,0,0,0,0,0
1992,KAN,10,6,0,348,282,66,1,0,0,0,0
1992,NYG,6,10,0,306,367,-61,0,0,0,0,0
1992,DEN,8,8,0,262,329,-67,0,0,0,0,0
1992,WAS,9,7,0,300,255,45,1,1,0,0,0
1992,SFO,14,2,0,431,236,195,1,1,1,0,0
1992,MIA,11,5,0,340,281,59,1,1,1,0,0
1992,CIN,5,11,0,274,364,-90,0,0,0,0,0
1992,NOR,12,4,0,330,202,128,1,0,0,0,0
1992,TAM,5,11,0,267,365,-98,0,0,0,0,0
1993,BUF,12,4,0,329,242,87,1,1,1,1,0
1993,CHI,7,9,0,234,230,4,0,0,0,0,0
1993,MIN,9,7,0,277,290,-13,1,0,0,0,0
1993,PIT,9,7,0,308,281,27,1,0,0,0,0
1993,LAC,8,8,0,322,290,32,0,0,0,0,0
1993,ATL,6,10,0,316,385,-69,0,0,0,0,0
1993,IND,4,12,0,189,378,-189,0,0,0,0,0
1993,ARI,7,9,0,326,269,57,0,0,0,0,0
1993,OAK,10,6,0,306,326,-20,1,1,0,0,0
1993,TEN,12,4,0,368,238,130,1,1,0,0,0
1993,NYJ,8,8,0,270,247,23,0,0,0,0,0
1993,PHI,8,8,0,293,315,-22,0,0,0,0,0
1993,LAR,5,11,0,221,367,-146,0,0,0,0,0
1993,GNB,9,7,0,340,282,58,1,1,0,0,0
1993,DAL,12,4,0,376,229,147,1,1,1,1,1
1993,DET,10,6,0,298,292,6,1,0,0,0,0
1993,SEA,6,10,0,280,314,-34,0,0,0,0,0
1993,CLE,7,9,0,304,307,-3,0,0,0,0,0
1993,NWE,5,11,0,238,286,-48,0,0,0,0,0
1993,KAN,11,5,0,328,291,37,1,1,1,0,0
1993,NYG,11,5,0,288,205,83,1,1,0,0,0
1993,DEN,9,7,0,373,284,89,1,0,0,0,0
1993,WAS,4,12,0,230,345,-115,0,0,0,0,0
1993,SFO,10,6,0,473,295,178,1,1,1,0,0
1993,MIA,9,7,0,349,351,-2,0,0,0,0,0
1993,CIN,3,13,0,187,319,-132,0,0,0,0,0
1993,NOR,8,8,0,317,343,-26,0,0,0,0,0
1993,TAM,5,11,0,237,376,-139,0,0,0,0,0
1994,BUF,7,9,0,340,356,-16,0,0,0,0,0
1994,CHI,9,7,0,271,307,-36,1,1,0,0,0
1994,MIN,10,6,0,356,314,42,1,0,0,0,0
1994,PIT,12,4,0,316,234,82,1,1,1,0,0
1994,LAC,11,5,0,381,306,75,1,1,1,1,0
1994,ATL,7,9,0,317,385,-68,0,0,0,0,0
1994,IND,8,8,0,307,320,-13,0,0,0,0,0
1994,OAK,9,7,0,303,327,-24,0,0,0,0,0
1994,TEN,2,14,0,226,352,-126,0,0,0,0,0
1994,NYJ,6,10,0,264,320,-56,0,0,0,0,0
1994,PHI,7,9,0,308,308,0,0,0,0,0,0
1994,LAR,4,12,0,286,365,-79,0,0,0,0,0
1994,GNB,9,7,0,382,287,95,1,1,0,0,0
1994,DAL,12,4,0,414,248,166,1,1,1,0,0
1994,NYG,9,7,0,279,305,-26,0,0,0,0,0
1994,SEA,6,10,0,287,323,-36,0,0,0,0,0
1994,CLE,11,5,0,340,204,136,1,1,0,0,0
1994,NWE,10,6,0,351,312,39,1,0,0,0,0
1994,KAN,9,7,0,319,298,21,1,0,0,0,0
1994,ARI,8,8,0,235,267,-32,0,0,0,0,0
1994,DEN,7,9,0,347,396,-49,0,0,0,0,0
1994,WAS,3,13,0,320,412,-92,0,0,0,0,0
1994,DET,9,7,0,357,342,15,1,0,0,0,0
1994,SFO,13,3,0,505,296,209,1,1,1,1,1
1994,MIA,10,6,0,389,327,62,1,1,0,0,0
1994,CIN,3,13,0,276,406,-130,0,0,0,0,0
1994,NOR,7,9,0,348,407,-59,0,0,0,0,0
1994,TAM,6,10,0,251,351,-100,0,0,0,0,0
1995,PHI,10,6,0,318,338,-20,1,1,0,0,0
1995,BUF,10,6,0,350,335,15,1,1,0,0,0
1995,CHI,9,7,0,392,360,32,0,0,0,0,0
1995,MIN,8,8,0,412,385,27,0,0,0,0,0
1995,PIT,11,5,0,407,327,80,1,1,1,1,0
1995,LAC,9,7,0,321,323,-2,1,0,0,0,0
1995,ATL,9,7,0,362,349,13,1,0,0,0,0
1995,IND,9,7,0,331,316,15,1,1,1,0,0
1995,TEN,7,9,0,348,324,24,0,0,0,0,0
1995,CAR,7,9,0,289,325,-36,0,0,0,0,0
1995,NYJ,3,13,0,233,384,-151,0,0,0,0,0
1995,JAX,4,12,0,275,404,-129,0,0,0,0,0
1995,GNB,11,5,0,404,314,90,1,1,1,0,0
1995,DAL,12,4,0,435,291,144,1,1,1,1,1
1995,NYG,5,11,0,290,340,-50,0,0,0,0,0
1995,SEA,8,8,0,363,366,-3,0,0,0,0,0
1995,CLE,5,11,0,289,356,-67,0,0,0,0,0
1995,OAK,8,8,0,348,332,16,0,0,0,0,0
1995,NWE,6,10,0,294,377,-83,0,0,0,0,0
1995,KAN,13,3,0,358,241,117,1,1,0,0,0
1995,ARI,4,12,0,275,422,-147,0,0,0,0,0
1995,DEN,8,8,0,388,345,43,0,0,0,0,0
1995,WAS,6,10,0,326,359,-33,0,0,0,0,0
1995,DET,10,6,0,436,336,100,1,0,0,0,0
1995,SFO,11,5,0,457,258,199,1,1,0,0,0
1995,MIA,9,7,0,398,332,66,1,0,0,0,0
1995,CIN,7,9,0,349,374,-25,0,0,0,0,0
1995,NOR,7,9,0,319,348,-29,0,0,0,0,0
1995,LAR,7,9,0,309,418,-109,0,0,0,0,0
1995,TAM,7,9,0,238,335,-97,0,0,0,0,0
1996,PHI,10,6,0,363,341,22,1,0,0,0,0
1996,BUF,10,6,0,319,266,53,1,0,0,0,0
1996,CHI,7,9,0,283,305,-22,0,0,0,0,0
1996,MIN,9,7,0,298,315,-17,1,0,0,0,0
1996,PIT,10,6,0,344,257,87,1,1,0,0,0
1996,LAC,8,8,0,310,376,-66,0,0,0,0,0
1996,ATL,3,13,0,309,461,-152,0,0,0,0,0
1996,IND,9,7,0,317,334,-17,1,0,0,0,0
1996,TEN,8,8,0,345,319,26,0,0,0,0,0
1996,CAR,12,4,0,367,218,149,1,1,1,0,0
1996,NYJ,1,15,0,279,454,-175,0,0,0,0,0
1996,JAX,9,7,0,325,335,-10,1,1,1,0,0
1996,GNB,13,3,0,456,210,246,1,1,1,1,1
1996,DAL,10,6,0,286,250,36,1,1,0,0,0
1996,NYG,6,10,0,242,297,-55,0,0,0,0,0
1996,SEA,7,9,0,317,376,-59,0,0,0,0,0
1996,BAL,4,12,0,371,441,-70,0,0,0,0,0
1996,OAK,7,9,0,340,293,47,0,0,0,0,0
1996,NWE,11,5,0,418,313,105,1,1,1,1,0
1996,KAN,9,7,0,297,300,-3,0,0,0,0,0
1996,ARI,7,9,0,300,397,-97,0,0,0,0,0
1996,DEN,13,3,0,391,275,116,1,1,0,0,0
1996,WAS,9,7,0,364,312,52,0,0,0,0,0
1996,DET,5,11,0,302,368,-66,0,0,0,0,0
1996,SFO,12,4,0,398,257,141,1,1,0,0,0
1996,MIA,8,8,0,339,325,14,0,0,0,0,0
1996,CIN,8,8,0,372,369,3,0,0,0,0,0
1996,NOR,3,13,0,229,339,-110,0,0,0,0,0
1996,LAR,6,10,0,303,409,-106,0,0,0,0,0
1996,TAM,6,10,0,221,293,-72,0,0,0,0,0
1997,SFO,13,3,0,375,265,110,1,1,1,0,0
1997,PHI,6,9,1,317,372,-55,0,0,0,0,0
1997,BUF,6,10,0,255,367,-112,0,0,0,0,0
1997,CHI,4,12,0,263,421,-158,0,0,0,0,0
1997,MIN,9,7,0,354,359,-5,1,1,0,0,0
1997,PIT,11,5,0,372,307,65,1,1,1,0,0
1997,LAC,4,12,0,266,425,-159,0,0,0,0,0
1997,ATL,7,9,0,320,361,-41,0,0,0,0,0
1997,IND,3,13,0,313,401,-88,0,0,0,0,0
1997,BAL,6,9,1,326,345,-19,0,0,0,0,0
1997,CAR,7,9,0,265,314,-49,0,0,0,0,0
1997,NYJ,9,7,0,348,287,61,0,0,0,0,0
1997,JAX,11,5,0,394,318,76,1,0,0,0,0
1997,GNB,13,3,0,422,282,140,1,1,1,1,0
1997,DAL,6,10,0,304,314,-10,0,0,0,0,0
1997,ARI,4,12,0,283,379,-96,0,0,0,0,0
1997,SEA,8,8,0,365,362,3,0,0,0,0,0
1997,OAK,4,12,0,324,419,-95,0,0,0,0,0
1997,NWE,10,6,0,369,289,80,1,1,0,0,0
1997,KAN,13,3,0,375,232,143,1,1,0,0,0
1997,NYG,10,5,1,307,265,42,1,0,0,0,0
1997,DEN,12,4,0,472,287,185,1,1,1,1,1
1997,WAS,8,7,1,327,289,38,0,0,0,0,0
1997,DET,9,7,0,379,306,73,1,0,0,0,0
1997,TEN,8,8,0,333,310,23,0,0,0,0,0
1997,MIA,9,7,0,339,327,12,1,0,0,0,0
1997,CIN,7,9,0,355,405,-50,0,0,0,0,0
1997,NOR,6,10,0,237,327,-90,0,0,0,0,0
1997,LAR,5,11,0,299,359,-60,0,0,0,0,0
1997,TAM,10,6,0,299,263,36,1,1,0,0,0
1998,SFO,12,4,0,479,328,151,1,1,0,0,0
1998,PHI,3,13,0,161,344,-183,0,0,0,0,0
1998,BUF,10,6,0,400,333,67,1,0,0,0,0
1998,CHI,4,12,0,276,368,-92,0,0,0,0,0
1998,MIN,15,1,0,556,296,260,1,1,1,0,0
1998,PIT,7,9,0,263,303,-40,0,0,0,0,0
1998,LAC,5,11,0,241,342,-101,0,0,0,0,0
1998,ATL,14,2,0,442,289,153,1,1,1,1,0
1998,IND,3,13,0,310,444,-134,0,0,0,0,0
1998,BAL,6,10,0,269,335,-66,0,0,0,0,0
1998,CAR,4,12,0,336,413,-77,0,0,0,0,0
1998,NYJ,12,4,0,416,266,150,1,1,1,0,0
1998,JAX,11,5,0,392,338,54,1,1,0,0,0
1998,GNB,11,5,0,408,319,89,1,0,0,0,0
1998,DAL,10,6,0,381,275,106,1,0,0,0,0
1998,NYG,8,8,0,287,309,-22,0,0,0,0,0
1998,SEA,8,8,0,372,310,62,0,0,0,0,0
1998,OAK,8,8,0,288,356,-68,0,0,0,0,0
1998,NWE,9,7,0,337,329,8,1,0,0,0,0
1998,KAN,7,9,0,327,363,-36,0,0,0,0,0
1998,ARI,9,7,0,325,378,-53,1,1,0,0,0
1998,DEN,14,2,0,501,309,192,1,1,1,1,1
1998,WAS,6,10,0,319,421,-102,0,0,0,0,0
1998,DET,5,11,0,306,378,-72,0,0,0,0,0
1998,TEN,8,8,0,330,320,10,0,0,0,0,0
1998,MIA,10,6,0,321,265,56,1,1,0,0,0
1998,CIN,3,13,0,268,452,-184,0,0,0,0,0
1998,NOR,6,10,0,305,359,-54,0,0,0,0,0
1998,LAR,4,12,0,285,378,-93,0,0,0,0,0
1998,TAM,8,8,0,314,295,19,0,0,0,0,0
1999,PHI,5,11,0,272,357,-85,0,0,0,0,0
1999,BUF,11,5,0,320,229,91,1,0,0,0,0
1999,CHI,6,10,0,272,341,-69,0,0,0,0,0
1999,MIN,10,6,0,399,335,64,1,1,0,0,0
1999,PIT,6,10,0,317,320,-3,0,0,0,0,0
1999,LAC,8,8,0,269,316,-47,0,0,0,0,0
1999,ATL,5,11,0,285,380,-95,0,0,0,0,0
1999,IND,13,3,0,423,333,90,1,1,0,0,0
1999,BAL,8,8,0,324,277,47,0,0,0,0,0
1999,KAN,9,7,0,390,322,68,0,0,0,0,0
1999,NYJ,8,8,0,308,309,-1,0,0,0,0,0
1999,JAX,14,2,0,396,217,179,1,1,1,0,0
1999,GNB,8,8,0,357,341,16,0,0,0,0,0
1999,DET,8,8,0,322,323,-1,1,0,0,0,0
1999,DAL,8,8,0,352,276,76,1,0,0,0,0
1999,NYG,7,9,0,299,358,-59,0,0,0,0,0
1999,SEA,9,7,0,338,298,40,1,0,0,0,0
1999,OAK,8,8,0,390,329,61,0,0,0,0,0
1999,NWE,8,8,0,299,284,15,0,0,0,0,0
1999,CAR,8,8,0,421,381,40,0,0,0,0,0
1999,CLE,2,14,0,217,437,-220,0,0,0,0,0
1999,ARI,6,10,0,245,382,-137,0,0,0,0,0
1999,DEN,6,10,0,314,318,-4,0,0,0,0,0
1999,WAS,10,6,0,443,377,66,1,1,0,0,0
1999,TEN,13,3,0,392,324,68,1,1,1,1,0
1999,SFO,4,12,0,295,453,-158,0,0,0,0,0
1999,MIA,9,7,0,326,336,-10,1,1,0,0,0
1999,CIN,4,12,0,283,460,-177,0,0,0,0,0
1999,NOR,3,13,0,260,434,-174,0,0,0,0,0
1999,LAR,13,3,0,526,242,284,1,1,1,1,1
1999,TAM,11,5,0,270,235,35,1,1,1,0,0
2000,PHI,11,5,0,351,245,106,1,1,0,0,0
2000,BUF,8,8,0,315,350,-35,0,0,0,0,0
2000,CHI,5,11,0,216,355,-139,0,0,0,0,0
2000,MIN,11,5,0,397,371,26,1,1,1,0,0
2000,PIT,9,7,0,321,255,66,0,0,0,0,0
2000,LAC,1,15,0,269,440,-171,0,0,0,0,0
2000,ATL,4,12,0,252,413,-161,0,0,0,0,0
2000,IND,10,6,0,429,326,103,1,0,0,0,0
2000,BAL,12,4,0,333,165,168,1,1,1,1,1
2000,KAN,7,9,0,355,354,1,0,0,0,0,0
2000,NYJ,9,7,0,321,321,0,0,0,0,0,0
2000,JAX,7,9,0,367,327,40,0,0,0,0,0
2000,GNB,9,7,0,353,323,30,0,0,0,0,0
2000,DET,9,7,0,307,307,0,0,0,0,0,0
2000,DAL,5,11,0,294,361,-67,0,0,0,0,0
2000,NYG,12,4,0,328,246,82,1,1,1,1,0
2000,SEA,6,10,0,320,405,-85,0,0,0,0,0
2000,OAK,12,4,0,479,299,180,1,1,1,0,0
2000,NWE,5,11,0,276,338,-62,0,0,0,0,0
2000,CAR,7,9,0,310,310,0,0,0,0,0,0
2000,CLE,3,13,0,161,419,-258,0,0,0,0,0
2000,ARI,3,13,0,210,443,-233,0,0,0,0,0
2000,DEN,11,5,0,485,369,116,1,0,0,0,0
2000,WAS,8,8,0,281,269,12,0,0,0,0,0
2000,TEN,13,3,0,346,191,155,1,1,0,0,0
2000,SFO,6,10,0,388,422,-34,0,0,0,0,0
2000,MIA,11,5,0,323,226,97,1,1,0,0,0
2000,CIN,4,12,0,185,359,-174,0,0,0,0,0
2000,NOR,10,6,0,354,305,49,1,1,0,0,0
2000,LAR,10,6,0,540,471,69,1,0,0,0,0
2000,TAM,10,6,0,388,269,119,1,0,0,0,0
2001,PHI,11,5,0,343,208,135,1,1,1,0,0
2001,BUF,3,13,0,265,420,-155,0,0,0,0,0
2001,CHI,13,3,0,338,203,135,1,1,0,0,0
2001,MIN,5,11,0,290,390,-100,0,0,0,0,0
2001,PIT,13,3,0,352,212,140,1,1,1,0,0
2001,LAC,5,11,0,332,321,11,0,0,0,0,0
2001,ATL,7,9,0,291,377,-86,0,0,0,0,0
2001,IND,6,10,0,413,486,-73,0,0,0,0,0
2001,BAL,10,6,0,303,265,38,1,1,0,0,0
2001,KAN,6,10,0,320,344,-24,0,0,0,0,0
2001,TEN,7,9,0,336,388,-52,0,0,0,0,0
2001,JAX,6,10,0,294,286,8,0,0,0,0,0
2001,GNB,12,4,0,390,266,124,1,1,0,0,0
2001,DET,2,14,0,270,424,-154,0,0,0,0,0
2001,DAL,5,11,0,246,338,-92,0,0,0,0,0
2001,NYG,7,9,0,294,321,-27,0,0,0,0,0
2001,SEA,9,7,0,301,324,-23,0,0,0,0,0
2001,OAK,10,6,0,399,327,72,1,1,0,0,0
2001,NWE,11,5,0,371,272,99,1,1,1,1,1
2001,CAR,1,15,0,253,410,-157,0,0,0,0,0
2001,CLE,7,9,0,285,319,-34,0,0,0,0,0
2001,ARI,7,9,0,295,343,-48,0,0,0,0,0
2001,DEN,8,8,0,340,339,1,0,0,0,0,0
2001,WAS,8,8,0,256,303,-47,0,0,0,0,0
2001,NYJ,10,6,0,308,295,13,1,0,0,0,0
2001,SFO,12,4,0,409,282,127,1,0,0,0,0
2001,MIA,11,5,0,344,290,54,1,0,0,0,0
2001,CIN,6,10,0,226,309,-83,0,0,0,0,0
2001,NOR,7,9,0,333,409,-76,0,0,0,0,0
2001,LAR,14,2,0,503,273,230,1,1,1,1,0
2001,TAM,9,7,0,324,280,44,1,0,0,0,0
2002,ARI,5,11,0,262,417,-155,0,0,0,0,0
2002,PHI,12,4,0,415,241,174,1,1,1,0,0
2002,HOU,4,12,0,213,356,-143,0,0,0,0,0
2002,BUF,8,8,0,379,397,-18,0,0,0,0,0
2002,CHI,4,12,0,281,379,-98,0,0,0,0,0
2002,MIN,6,10,0,390,442,-52,0,0,0,0,0
2002,PIT,10,5,1,390,345,45,1,1,0,0,0
2002,LAC,8,8,0,333,367,-34,0,0,0,0,0
2002,ATL,9,6,1,402,314,88,1,1,0,0,0
2002,IND,10,6,0,349,313,36,1,0,0,0,0
2002,BAL,7,9,0,316,354,-38,0,0,0,0,0
2002,KAN,8,8,0,467,399,68,0,0,0,0,0
2002,TEN,11,5,0,367,324,43,1,1,1,0,0
2002,JAX,6,10,0,328,315,13,0,0,0,0,0
2002,GNB,12,4,0,398,328,70,1,0,0,0,0
2002,DAL,5,11,0,217,329,-112,0,0,0,0,0
2002,DET,3,13,0,306,451,-145,0,0,0,0,0
2002,SEA,7,9,0,355,369,-14,0,0,0,0,0
2002,OAK,11,5,0,450,304,146,1,1,1,1,0
2002,NWE,9,7,0,381,346,35,0,0,0,0,0
2002,CAR,7,9,0,258,302,-44,0,0,0,0,0
2002,CLE,9,7,0,344,320,24,1,0,0,0,0
2002,NYG,10,6,0,320,279,41,1,0,0,0,0
2002,DEN,9,7,0,392,344,48,0,0,0,0,0
2002,WAS,7,9,0,307,365,-58,0,0,0,0,0
2002,NYJ,9,7,0,359,336,23,1,1,0,0,0
2002,SFO,10,6,0,367,351,16,1,1,0,0,0
2002,MIA,9,7,0,378,301,77,0,0,0,0,0
2002,CIN,2,14,0,279,456,-177,0,0,0,0,0
2002,NOR,9,7,0,432,388,44,0,0,0,0,0
2002,LAR,7,9,0,316,369,-53,0,0,0,0,0
2002,TAM,12,4,0,346,196,150,1,1,1,1,1
2003,ARI,4,12,0,225,452,-227,0,0,0,0,0
2003,PHI,12,4,0,374,287,87,1,1,1,0,0
2003,HOU,5,11,0,255,380,-125,0,0,0,0,0
2003,BUF,6,10,0,243,279,-36,0,0,0,0,0
2003,CHI,7,9,0,283,346,-63,0,0,0,0,0
2003,MIN,9,7,0,416,353,63,0,0,0,0,0
2003,PIT,6,10,0,300,327,-27,0,0,0,0,0
2003,LAC,4,12,0,313,441,-128,0,0,0,0,0
2003,ATL,5,11,0,299,422,-123,0,0,0,0,0
2003,IND,12,4,0,447,336,111,1,1,1,0,0
2003,BAL,10,6,0,391,281,110,1,0,0,0,0
2003,KAN,13,3,0,484,332,152,1,1,0,0,0
2003,TEN,12,4,0,435,324,111,1,1,0,0,0
2003,JAX,5,11,0,276,331,-55,0,0,0,0,0
2003,GNB,10,6,0,442,307,135,1,1,0,0,0
2003,DAL,10,6,0,289,260,29,1,0,0,0,0
2003,DET,5,11,0,270,379,-109,0,0,0,0,0
2003,SEA,10,6,0,404,327,77,1,0,0,0,0
2003,OAK,4,12,0,270,379,-109,0,0,0,0,0
2003,NWE,14,2,0,348,238,110,1,1,1,1,1
2003,CAR,11,5,0,325,304,21,1,1,1,1,0
2003,CLE,5,11,0,254,322,-68,0,0,0,0,0
2003,NYG,4,12,0,243,387,-144,0,0,0,0,0
2003,DEN,10,6,0,381,301,80,1,0,0,0,0
2003,WAS,5,11,0,287,372,-85,0,0,0,0,0
2003,NYJ,6,10,0,283,299,-16,0,0,0,0,0
2003,SFO,7,9,0,384,337,47,0,0,0,0,0
2003,MIA,10,6,0,311,261,50,0,0,0,0,0
2003,CIN,8,8,0,346,384,-38,0,0,0,0,0
2003,NOR,8,8,0,340,326,14,0,0,0,0,0
2003,LAR,12,4,0,447,328,119,1,1,0,0,0
2003,TAM,7,9,0,301,264,37,0,0,0,0,0
2004,ARI,6,10,0,284,322,-38,0,0,0,0,0
2004,PHI,13,3,0,386,260,126,1,1,1,1,0
2004,HOU,7,9,0,309,339,-30,0,0,0,0,0
2004,BUF,9,7,0,395,284,111,0,0,0,0,0
2004,CHI,5,11,0,231,331,-100,0,0,0,0,0
2004,MIN,8,8,0,405,395,10,1,1,0,0,0
2004,PIT,15,1,0,372,251,121,1,1,1,0,0
2004,LAC,12,4,0,446,313,133,1,0,0,0,0
2004,ATL,11,5,0,340,337,3,1,1,1,0,0
2004,IND,12,4,0,522,351,171,1,1,0,0,0
2004,BAL,9,7,0,317,268,49,0,0,0,0,0
2004,KAN,7,9,0,483,435,48,0,0,0,0,0
2004,TEN,5,11,0,344,439,-95,0,0,0,0,0
2004,JAX,9,7,0,261,280,-19,0,0,0,0,0
2004,GNB,10,6,0,424,380,44,1,0,0,0,0
2004,DAL,6,10,0,293,405,-112,0,0,0,0,0
2004,DET,6,10,0,296,350,-54,0,0,0,0,0
2004,SEA,9,7,0,371,373,-2,1,0,0,0,0
2004,OAK,5,11,0,320,442,-122,0,0,0,0,0
2004,NWE,14,2,0,437,260,177,1,1,1,1,1
2004,CAR,7,9,0,355,339,16,0,0,0,0,0
2004,CLE,4,12,0,276,390,-114,0,0,0,0,0
2004,NYG,6,10,0,303,347,-44,0,0,0,0,0
2004,DEN,10,6,0,381,304,77,1,0,0,0,0
2004,WAS,6,10,0,240,265,-25,0,0,0,0,0
2004,NYJ,10,6,0,333,261,72,1,1,0,0,0
2004,SFO,2,14,0,259,452,-193,0,0,0,0,0
2004,MIA,4,12,0,275,354,-79,0,0,0,0,0
2004,CIN,8,8,0,374,372,2,0,0,0,0,0
2004,NOR,8,8,0,348,405,-57,0,0,0,0,0
2004,LAR,8,8,0,319,392,-73,1,1,0,0,0
2004,TAM,5,11,0,301,304,-3,0,0,0,0,0
2005,ARI,5,11,0,311,387,-76,0,0,0,0,0
2005,PHI,6,10,0,310,388,-78,0,0,0,0,0
2005,HOU,2,14,0,260,431,-171,0,0,0,0,0
2005,BUF,5,11,0,271,367,-96,0,0,0,0,0
2005,CHI,11,5,0,260,202,58,1,1,0,0,0
2005,MIN,9,7,0,306,344,-38,0,0,0,0,0
2005,PIT,11,5,0,389,258,131,1,1,1,1,1
2005,LAC,9,7,0,418,312,106,0,0,0,0,0
2005,ATL,8,8,0,351,341,10,0,0,0,0,0
2005,IND,14,2,0,439,247,192,1,1,0,0,0
2005,BAL,6,10,0,265,299,-34,0,0,0,0,0
2005,KAN,10,6,0,403,325,78,0,0,0,0,0
2005,TEN,4,12,0,299,421,-122,0,0,0,0,0
2005,JAX,12,4,0,361,269,92,1,0,0,0,0
2005,GNB,4,12,0,298,344,-46,0,0,0,0,0
2005,DAL,9,7,0,325,308,17,0,0,0,0,0
2005,DET,5,11,0,254,345,-91,0,0,0,0,0
2005,SEA,13,3,0,452,271,181,1,1,1,1,0
2005,OAK,4,12,0,290,383,-93,0,0,0,0,0
2005,NWE,10,6,0,379,338,41,1,1,0,0,0
2005,CAR,11,5,0,391,259,132,1,1,1,0,0
2005,CLE,6,10,0,232,301,-69,0,0,0,0,0
2005,NYG,11,5,0,422,314,108,1,0,0,0,0
2005,DEN,13,3,0,395,258,137,1,1,1,0,0
2005,WAS,10,6,0,359,293,66,1,1,0,0,0
2005,NYJ,4,12,0,240,355,-115,0,0,0,0,0
2005,SFO,4,12,0,239,428,-189,0,0,0,0,0
2005,MIA,9,7,0,318,317,1,0,0,0,0,0
2005,CIN,11,5,0,421,350,71,1,0,0,0,0
2005,NOR,3,13,0,235,398,-163,0,0,0,0,0
2005,LAR,6,10,0,363,429,-66,0,0,0,0,0
2005,TAM,11,5,0,300,274,26,1,0,0,0,0
2006,ARI,5,11,0,314,389,-75,0,0,0,0,0
2006,PHI,10,6,0,398,328,70,1,1,0,0,0
2006,HOU,6,10,0,267,366,-99,0,0,0,0,0
2006,BUF,7,9,0,300,311,-11,0,0,0,0,0
2006,CHI,13,3,0,427,255,172,1,1,1,1,0
2006,MIN,6,10,0,282,327,-45,0,0,0,0,0
2006,PIT,8,8,0,353,315,38,0,0,0,0,0
2006,LAC,14,2,0,492,303,189,1,1,0,0,0
2006,ATL,7,9,0,292,328,-36,0,0,0,0,0
2006,IND,12,4,0,427,360,67,1,1,1,1,1
2006,BAL,13,3,0,353,201,152,1,1,0,0,0
2006,KAN,9,7,0,331,315,16,1,0,0,0,0
2006,TEN,8,8,0,324,400,-76,0,0,0,0,0
2006,JAX,8,8,0,371,274,97,0,0,0,0,0
2006,GNB,8,8,0,301,366,-65,0,0,0,0,0
2006,DAL,9,7,0,425,350,75,1,0,0,0,0
2006,DET,3,13,0,305,398,-93,0,0,0,0,0
2006,SEA,9,7,0,335,341,-6,1,1,0,0,0
2006,OAK,2,14,0,168,332,-164,0,0,0,0,0
2006,NWE,12,4,0,385,237,148,1,1,1,0,0
2006,CAR,8,8,0,270,305,-35,0,0,0,0,0
2006,CLE,4,12,0,238,356,-118,0,0,0,0,0
2006,NYG,8,8,0,355,362,-7,1,0,0,0,0
2006,DEN,9,7,0,319,305,14,0,0,0,0,0
2006,WAS,5,11,0,307,376,-69,0,0,0,0,0
2006,NYJ,10,6,0,316,295,21,1,0,0,0,0
2006,SFO,7,9,0,298,412,-114,0,0,0,0,0
2006,MIA,6,10,0,260,283,-23,0,0,0,0,0
2006,CIN,8,8,0,373,331,42,0,0,0,0,0
2006,NOR,10,6,0,413,322,91,1,1,1,0,0
2006,LAR,8,8,0,367,381,-14,0,0,0,0,0
2006,TAM,4,12,0,211,353,-142,0,0,0,0,0
2007,ARI,8,8,0,404,399,5,0,0,0,0,0
2007,PHI,8,8,0,336,300,36,0,0,0,0,0
2007,HOU,8,8,0,379,384,-5,0,0,0,0,0
2007,BUF,7,9,0,252,354,-102,0,0,0,0,0
2007,CHI,7,9,0,334,348,-14,0,0,0,0,0
2007,MIN,8,8,0,365,311,54,0,0,0,0,0
2007,PIT,10,6,0,393,269,124,1,0,0,0,0
2007,LAC,11,5,0,412,284,128,1,1,1,0,0
2007,ATL,4,12,0,259,414,-155,0,0,0,0,0
2007,IND,13,3,0,450,262,188,1,1,0,0,0
2007,BAL,5,11,0,275,384,-109,0,0,0,0,0
2007,KAN,4,12,0,226,335,-109,0,0,0,0,0
2007,TEN,10,6,0,301,297,4,1,0,0,0,0
2007,JAX,11,5,0,411,304,107,1,1,0,0,0
2007,GNB,13,3,0,435,291,144,1,1,1,0,0
2007,DAL,13,3,0,455,325,130,1,1,0,0,0
2007,DET,7,9,0,346,444,-98,0,0,0,0,0
2007,SEA,10,6,0,393,291,102,1,1,0,0,0
2007,OAK,4,12,0,283,398,-115,0,0,0,0,0
2007,NWE,16,0,0,589,274,315,1,1,1,1,0
2007,CAR,7,9,0,267,347,-80,0,0,0,0,0
2007,CLE,10,6,0,402,382,20,0,0,0,0,0
2007,NYG,10,6,0,373,351,22,1,1,1,1,1
2007,DEN,7,9,0,320,409,-89,0,0,0,0,0
2007,WAS,9,7,0,334,310,24,1,0,0,0,0
2007,NYJ,4,12,0,268,355,-87,0,0,0,0,0
2007,SFO,5,11,0,219,364,-145,0,0,0,0,0
2007,MIA,1,15,0,267,437,-170,0,0,0,0,0
2007,CIN,7,9,0,380,385,-5,0,0,0,0,0
2007,NOR,7,9,0,379,388,-9,0,0,0,0,0
2007,LAR,3,13,0,263,438,-175,0,0,0,0,0
2007,TAM,9,7,0,334,270,64,1,0,0,0,0
2008,ARI,9,7,0,427,426,1,1,1,1,1,0
2008,PHI,9,6,1,416,289,127,1,1,1,0,0
2008,HOU,8,8,0,366,394,-28,0,0,0,0,0
2008,BUF,7,9,0,336,342,-6,0,0,0,0,0
2008,CHI,9,7,0,375,350,25,0,0,0,0,0
2008,MIN,10,6,0,379,333,46,1,0,0,0,0
2008,PIT,12,4,0,347,223,124,1,1,1,1,1
2008,LAC,8,8,0,439,347,92,1,1,0,0,0
2008,ATL,11,5,0,391,325,66,1,0,0,0,0
2008,IND,12,4,0,377,298,79,1,0,0,0,0
2008,BAL,11,5,0,385,244,141,1,1,1,0,0
2008,KAN,2,14,0,291,440,-149,0,0,0,0,0
2008,TEN,13,3,0,375,234,141,1,1,0,0,0
2008,JAX,5,11,0,302,367,-65,0,0,0,0,0
2008,GNB,6,10,0,419,380,39,0,0,0,0,0
2008,DAL,9,7,0,362,365,-3,0,0,0,0,0
2008,DET,0,16,0,268,517,-249,0,0,0,0,0
2008,SEA,4,12,0,294,392,-98,0,0,0,0,0
2008,OAK,5,11,0,263,388,-125,0,0,0,0,0
2008,NWE,11,5,0,410,309,101,0,0,0,0,0
2008,CAR,12,4,0,414,329,85,1,1,0,0,0
2008,CLE,4,12,0,232,350,-118,0,0,0,0,0
2008,NYG,12,4,0,427,294,133,1,1,0,0,0
2008,DEN,8,8,0,370,448,-78,0,0,0,0,0
2008,WAS,8,8,0,265,296,-31,0,0,0,0,0
2008,NYJ,9,7,0,405,356,49,0,0,0,0,0
2008,SFO,7,9,0,339,381,-42,0,0,0,0,0
2008,MIA,11,5,0,345,317,28,1,0,0,0,0
2008,CIN,4,11,1,204,364,-160,0,0,0,0,0
2008,NOR,8,8,0,463,393,70,0,0,0,0,0
2008,LAR,2,14,0,232,465,-233,0,0,0,0,0
2008,TAM,9,7,0,361,323,38,0,0,0,0,0
2009,ARI,10,6,0,375,325,50,1,1,0,0,0
2009,PHI,11,5,0,429,337,92,1,0,0,0,0
2009,HOU,9,7,0,388,333,55,0,0,0,0,0
2009,BUF,6,10,0,258,326,-68,0,0,0,0,0
2009,CHI,7,9,0,327,375,-48,0,0,0,0,0
2009,MIN,12,4,0,470,312,158,1,1,1,0,0
2009,PIT,9,7,0,368,324,44,0,0,0,0,0
2009,LAC,13,3,0,454,320,134,1,1,0,0,0
2009,ATL,9,7,0,363,325,38,0,0,0,0,0
2009,IND,14,2,0,416,307,109,1,1,1,1,0
2009,BAL,9,7,0,391,261,130,1,1,0,0,0
2009,KAN,4,12,0,294,424,-130,0,0,0,0,0
2009,TEN,8,8,0,354,402,-48,0,0,0,0,0
2009,JAX,7,9,0,290,380,-90,0,0,0,0,0
2009,GNB,11,5,0,461,297,164,1,0,0,0,0
2009,DAL,11,5,0,361,250,111,1,1,0,0,0
2009,DET,2,14,0,262,494,-232,0,0,0,0,0
2009,SEA,5,11,0,280,390,-110,0,0,0,0,0
2009,OAK,5,11,0,197,379,-182,0,0,0,0,0
2009,NWE,10,6,0,427,285,142,1,0,0,0,0
2009,CAR,8,8,0,315,308,7,0,0,0,0,0
2009,CLE,5,11,0,245,375,-130,0,0,0,0,0
2009,NYG,8,8,0,402,427,-25,0,0,0,0,0
2009,DEN,8,8,0,326,324,2,0,0,0,0,0
2009,WAS,4,12,0,266,336,-70,0,0,0,0,0
2009,NYJ,9,7,0,348,236,112,1,1,1,0,0
2009,SFO,8,8,0,330,281,49,0,0,0,0,0
2009,MIA,7,9,0,360,390,-30,0,0,0,0,0
2009,CIN,10,6,0,305,291,14,1,0,0,0,0
2009,NOR,13,3,0,510,341,169,1,1,1,1,1
2009,LAR,1,15,0,175,436,-261,0,0,0,0,0
2009,TAM,3,13,0,244,400,-156,0,0,0,0,0
2010,ARI,5,11,0,289,434,-145,0,0,0,0,0
2010,PHI,10,6,0,439,377,62,1,0,0,0,0
2010,HOU,6,10,0,390,427,-37,0,0,0,0,0
2010,BUF,4,12,0,283,425,-142,0,0,0,0,0
2010,CHI,11,5,0,334,286,48,1,1,1,0,0
2010,MIN,6,10,0,281,348,-67,0,0,0,0,0
2010,PIT,12,4,0,375,232,143,1,1,1,1,0
2010,LAC,9,7,0,441,322,119,0,0,0,0,0
2010,ATL,13,3,0,414,288,126,1,1,0,0,0
2010,IND,10,6,0,435,388,47,1,0,0,0,0
2010,BAL,12,4,0,357,270,87,1,1,0,0,0
2010,KAN,10,6,0,366,326,40,1,0,0,0,0
2010,TEN,6,10,0,356,339,17,0,0,0,0,0
2010,JAX,8,8,0,353,419,-66,0,0,0,0,0
2010,GNB,10,6,0,388,240,148,1,1,1,1,1
2010,DAL,6,10,0,394,436,-42,0,0,0,0,0
2010,DET,6,10,0,362,369,-7,0,0,0,0,0
2010,SEA,7,9,0,310,407,-97,1,1,0,0,0
2010,OAK,8,8,0,410,371,39,0,0,0,0,0
2010,NWE,14,2,0,518,313,205,1,1,0,0,0
2010,CAR,2,14,0,196,408,-212,0,0,0,0,0
2010,CLE,5,11,0,271,332,-61,0,0,0,0,0
2010,NYG,10,6,0,394,347,47,0,0,0,0,0
2010,DEN,4,12,0,344,471,-127,0,0,0,0,0
2010,WAS,6,10,0,302,377,-75,0,0,0,0,0
2010,NYJ,11,5,0,367,304,63,1,1,1,0,0
2010,SFO,6,10,0,305,346,-41,0,0,0,0,0
2010,MIA,7,9,0,273,333,-60,0,0,0,0,0
2010,CIN,4,12,0,322,395,-73,0,0,0,0,0
2010,NOR,11,5,0,384,307,77,1,0,0,0,0
2010,LAR,7,9,0,289,328,-39,0,0,0,0,0
2010,TAM,10,6,0,341,318,23,0,0,0,0,0
2011,ARI,8,8,0,312,348,-36,0,0,0,0,0
2011,PHI,8,8,0,396,328,68,0,0,0,0,0
2011,HOU,10,6,0,381,278,103,1,1,0,0,0
2011,BUF,6,10,0,372,434,-62,0,0,0,0,0
2011,CHI,8,8,0,353,341,12,0,0,0,0,0
2011,MIN,3,13,0,340,449,-109,0,0,0,0,0
2011,PIT,12,4,0,325,227,98,1,0,0,0,0
2011,LAC,8,8,0,406,377,29,0,0,0,0,0
2011,ATL,10,6,0,402,350,52,1,0,0,0,0
2011,IND,2,14,0,243,430,-187,0,0,0,0,0
2011,BAL,12,4,0,378,266,112,1,1,1,0,0
2011,KAN,7,9,0,212,338,-126,0,0,0,0,0
2011,TEN,9,7,0,325,317,8,0,0,0,0,0
2011,JAX,5,11,0,243,329,-86,0,0,0,0,0
2011,GNB,15,1,0,560,359,201,1,1,0,0,0
2011,DAL,8,8,0,369,347,22,0,0,0,0,0
2011,DET,10,6,0,474,387,87,1,0,0,0,0
2011,SEA,7,9,0,321,315,6,0,0,0,0,0
2011,OAK,8,8,0,359,433,-74,0,0,0,0,0
2011,NWE,13,3,0,513,342,171,1,1,1,1,0
2011,CAR,6,10,0,406,429,-23,0,0,0,0,0
2011,CLE,4,12,0,218,307,-89,0,0,0,0,0
2011,NYG,9,7,0,394,400,-6,1,1,1,1,1
2011,DEN,8,8,0,309,390,-81,1,1,0,0,0
2011,WAS,5,11,0,288,367,-79,0,0,0,0,0
2011,NYJ,8,8,0,377,363,14,0,0,0,0,0
2011,SFO,13,3,0,380,229,151,1,1,1,0,0
2011,MIA,6,10,0,329,313,16,0,0,0,0,0
2011,CIN,9,7,0,344,323,21,1,0,0,0,0
2011,NOR,13,3,0,547,339,208,1,1,0,0,0
2011,LAR,2,14,0,193,407,-214,0,0,0,0,0
2011,TAM,4,12,0,287,494,-207,0,0,0,0,0
2012,ARI,5,11,0,250,357,-107,0,0,0,0,0
2012,PHI,4,12,0,280,444,-164,0,0,0,0,0
2012,HOU,12,4,0,416,331,85,1,1,0,0,0
2012,BUF,6,10,0,344,435,-91,0,0,0,0,0
2012,CHI,10,6,0,375,277,98,0,0,0,0,0
2012,MIN,10,6,0,379,348,31,1,0,0,0,0
2012,PIT,8,8,0,336,314,22,0,0,0,0,0
2012,LAC,7,9,0,350,350,0,0,0,0,0,0
2012,ATL,13,3,0,419,299,120,1,1,1,0,0
2012,IND,11,5,0,357,387,-30,1,0,0,0,0
2012,BAL,10,6,0,398,344,54,1,1,1,1,1
2012,KAN,2,14,0,211,425,-214,0,0,0,0,0
2012,TEN,6,10,0,330,471,-141,0,0,0,0,0
2012,JAX,2,14,0,255,444,-189,0,0,0,0,0
2012,GNB,11,5,0,433,336,97,1,1,0,0,0
2012,DAL,8,8,0,376,400,-24,0,0,0,0,0
2012,DET,4,12,0,372,437,-65,0,0,0,0,0
2012,SEA,11,5,0,412,245,167,1,1,0,0,0
2012,OAK,4,12,0,290,443,-153,0,0,0,0,0
2012,NWE,12,4,0,557,331,226,1,1,1,0,0
2012,CAR,7,9,0,357,363,-6,0,0,0,0,0
2012,CLE,5,11,0,302,368,-66,0,0,0,0,0
2012,NYG,9,7,0,429,344,85,0,0,0,0,0
2012,DEN,13,3,0,481,289,192,1,1,0,0,0
2012,WAS,10,6,0,436,388,48,1,0,0,0,0
2012,NYJ,6,10,0,281,375,-94,0,0,0,0,0
2012,SFO,11,4,1,397,273,124,1,1,1,1,0
2012,MIA,7,9,0,288,317,-29,0,0,0,0,0
2012,CIN,10,6,0,391,320,71,1,0,0,0,0
2012,NOR,7,9,0,461,454,7,0,0,0,0,0
2012,LAR,7,8,1,299,348,-49,0,0,0,0,0
2012,TAM,7,9,0,389,394,-5,0,0,0,0,0
2013,ARI,10,6,0,379,324,55,0,0,0,0,0
2013,PHI,10,6,0,442,382,60,1,0,0,0,0
2013,HOU,2,14,0,276,428,-152,0,0,0,0,0
2013,BUF,6,10,0,339,388,-49,0,0,0,0,0
2013,CHI,8,8,0,445,478,-33,0,0,0,0,0
2013,MIN,5,10,1,391,480,-89,0,0,0,0,0
2013,PIT,8,8,0,379,370,9,0,0,0,0,0
2013,LAC,9,7,0,396,348,48,1,1,0,0,0
2013,ATL,4,12,0,353,443,-90,0,0,0,0,0
2013,IND,11,5,0,391,336,55,1,1,0,0,0
2013,BAL,8,8,0,320,352,-32,0,0,0,0,0
2013,KAN,11,5,0,430,305,125,1,0,0,0,0
2013,TEN,7,9,0,362,381,-19,0,0,0,0,0
2013,JAX,4,12,0,247,449,-202,0,0,0,0,0
2013,GNB,8,7,1,417,428,-11,1,0,0,0,0
2013,DAL,8,8,0,439,432,7,0,0,0,0,0
2013,DET,7,9,0,395,376,19,0,0,0,0,0
2013,SEA,13,3,0,417,231,186,1,1,1,1,1
2013,OAK,4,12,0,322,453,-131,0,0,0,0,0
2013,NWE,12,4,0,444,338,106,1,1,1,0,0
2013,CAR,12,4,0,366,241,125,1,1,0,0,0
2013,CLE,4,12,0,308,406,-98,0,0,0,0,0
2013,NYG,7,9,0,294,383,-89,0,0,0,0,0
2013,DEN,13,3,0,606,399,207,1,1,1,1,0
2013,WAS,3,13,0,334,478,-144,0,0,0,0,0
2013,NYJ,8,8,0,290,387,-97,0,0,0,0,0
2013,SFO,12,4,0,406,272,134,1,1,1,0,0
2013,MIA,8,8,0,317,335,-18,0,0,0,0,0
2013,CIN,11,5,0,430,305,125,1,0,0,0,0
2013,NOR,11,5,0,414,304,110,1,1,0,0,0
2013,LAR,7,9,0,348,364,-16,0,0,0,0,0
2013,TAM,4,12,0,288,389,-101,0,0,0,0,0
2014,ARI,11,5,0,310,299,11,1,0,0,0,0
2014,PHI,10,6,0,474,400,74,0,0,0,0,0
2014,HOU,9,7,0,372,307,65,0,0,0,0,0
2014,BUF,9,7,0,343,289,54,0,0,0,0,0
2014,CHI,5,11,0,319,442,-123,0,0,0,0,0
2014,MIN,7,9,0,325,343,-18,0,0,0,0,0
2014,PIT,11,5,0,436,368,68,1,0,0,0,0
2014,LAC,9,7,0,348,348,0,0,0,0,0,0
2014,ATL,6,10,0,381,417,-36,0,0,0,0,0
2014,IND,11,5,0,458,369,89,1,1,1,0,0
2014,BAL,10,6,0,409,302,107,1,1,0,0,0
2014,KAN,9,7,0,353,281,72,0,0,0,0,0
2014,TEN,2,14,0,254,438,-184,0,0,0,0,0
2014,JAX,3,13,0,249,412,-163,0,0,0,0,0
2014,GNB,12,4,0,486,348,138,1,1,1,0,0
2014,DAL,12,4,0,467,352,115,1,1,0,0,0
2014,DET,11,5,0,321,282,39,1,0,0,0,0
2014,SEA,12,4,0,394,254,140,1,1,1,1,0
2014,OAK,3,13,0,253,452,-199,0,0,0,0,0
2014,NWE,12,4,0,468,313,155,1,1,1,1,1
2014,CAR,7,8,1,339,374,-35,1,1,0,0,0
2014,CLE,7,9,0,299,337,-38,0,0,0,0,0
2014,NYG,6,10,0,380,400,-20,0,0,0,0,0
2014,DEN,12,4,0,482,354,128,1,1,0,0,0
2014,WAS,4,12,0,301,438,-137,0,0,0,0,0
2014,NYJ,4,12,0,283,401,-118,0,0,0,0,0
2014,SFO,8,8,0,306,340,-34,0,0,0,0,0
2014,MIA,8,8,0,388,373,15,0,0,0,0,0
2014,CIN,10,5,1,365,344,21,1,0,0,0,0
2014,NOR,7,9,0,401,424,-23,0,0,0,0,0
2014,LAR,6,10,0,324,354,-30,0,0,0,0,0
2014,TAM,2,14,0,277,410,-133,0,0,0,0,0
2015,ARI,13,3,0,489,313,176,1,1,1,0,0
2015,PHI,7,9,0,377,430,-53,0,0,0,0,0
2015,HOU,9,7,0,339,313,26,1,0,0,0,0
2015,BUF,8,8,0,379,359,20,0,0,0,0,0
2015,CHI,6,10,0,335,397,-62,0,0,0,0,0
2015,MIN,11,5,0,365,302,63,1,0,0,0,0
2015,PIT,10,6,0,423,319,104,1,1,0,0,0
2015,LAC,4,12,0,320,398,-78,0,0,0,0,0
2015,ATL,8,8,0,339,345,-6,0,0,0,0,0
2015,IND,8,8,0,333,408,-75,0,0,0,0,0
2015,BAL,5,11,0,328,401,-73,0,0,0,0,0
2015,KAN,11,5,0,405,287,118,1,1,0,0,0
2015,TEN,3,13,0,299,423,-124,0,0,0,0,0
2015,JAX,5,11,0,376,448,-72,0,0,0,0,0
2015,GNB,10,6,0,368,323,45,1,1,0,0,0
2015,DAL,4,12,0,275,374,-99,0,0,0,0,0
2015,DET,7,9,0,358,400,-42,0,0,0,0,0
2015,SEA,10,6,0,423,277,146,1,1,0,0,0
2015,OAK,7,9,0,359,399,-40,0,0,0,0,0
2015,NWE,12,4,0,465,315,150,1,1,1,0,0
2015,CAR,15,1,0,500,308,192,1,1,1,1,0
2015,CLE,3,13,0,278,432,-154,0,0,0,0,0
2015,NYG,6,10,0,420,442,-22,0,0,0,0,0
2015,DEN,12,4,0,355,296,59,1,1,1,1,1
2015,WAS,9,7,0,388,379,9,1,0,0,0,0
2015,NYJ,10,6,0,387,314,73,0,0,0,0,0
2015,SFO,5,11,0,238,387,-149,0,0,0,0,0
2015,MIA,6,10,0,310,389,-79,0,0,0,0,0
2015,CIN,12,4,0,419,279,140,1,0,0,0,0
2015,NOR,7,9,0,408,476,-68,0,0,0,0,0
2015,LAR,7,9,0,280,330,-50,0,0,0,0,0
2015,TAM,6,10,0,342,417,-75,0,0,0,0,0
2016,ARI,7,8,1,418,362,56,0,0,0,0,0
2016,PHI,7,9,0,367,331,36,0,0,0,0,0
2016,HOU,9,7,0,279,328,-49,1,1,0,0,0
2016,BUF,7,9,0,399,378,21,0,0,0,0,0
2016,CHI,3,13,0,279,399,-120,0,0,0,0,0
2016,MIN,8,8,0,327,307,20,0,0,0,0,0
2016,PIT,11,5,0,399,327,72,1,1,1,0,0
2016,LAC,5,11,0,410,423,-13,0,0,0,0,0
2016,ATL,11,5,0,540,406,134,1,1,1,1,0
2016,IND,8,8,0,411,392,19,0,0,0,0,0
2016,BAL,8,8,0,343,321,22,0,0,0,0,0
2016,KAN,12,4,0,389,311,78,1,1,0,0,0
2016,TEN,9,7,0,381,378,3,0,0,0,0,0
2016,JAX,3,13,0,318,400,-82,0,0,0,0,0
2016,LAR,4,12,0,224,394,-170,0,0,0,0,0
2016,GNB,10,6,0,432,388,44,1,1,1,0,0
2016,DAL,13,3,0,421,306,115,1,1,0,0,0
2016,DET,9,7,0,346,358,-12,1,0,0,0,0
2016,SEA,10,5,1,354,292,62,1,1,0,0,0
2016,OAK,12,4,0,416,385,31,1,0,0,0,0
2016,NWE,14,2,0,441,250,191,1,1,1,1,1
2016,CAR,6,10,0,369,402,-33,0,0,0,0,0
2016,CLE,1,15,0,264,452,-188,0,0,0,0,0
2016,NYG,11,5,0,310,284,26,1,0,0,0,0
2016,DEN,9,7,0,333,297,36,0,0,0,0,0
2016,WAS,8,7,1,396,383,13,0,0,0,0,0
2016,NYJ,5,11,0,275,409,-134,0,0,0,0,0
2016,SFO,2,14,0,309,480,-171,0,0,0,0,0
2016,MIA,10,6,0,363,380,-17,1,0,0,0,0
2016,CIN,6,9,1,325,315,10,0,0,0,0,0
2016,NOR,7,9,0,469,454,15,0,0,0,0,0
2016,TAM,9,7,0,354,369,-15,0,0,0,0,0
